-- 删除test数据库
DROP DATABASE IF EXISTS test;

-- 创建test数据库
CREATE DATABASE IF NOT EXISTS test;

-- 选择test数据库
USE test;


-- 删除数据表
DROP TABLE IF EXISTS emp;
DROP TABLE IF EXISTS dept;
DROP TABLE IF EXISTS bonus;
DROP TABLE IF EXISTS salgrade;

-- 创建数据表
CREATE TABLE IF NOT EXISTS dept (
	deptno		SMALLINT  PRIMARY KEY,
	dname		VARCHAR(14) ,
	loc			VARCHAR(13) ) ;
CREATE TABLE IF NOT EXISTS emp (
	empno		SMALLINT  PRIMARY KEY,
	ename		VARCHAR(10),
	job			VARCHAR(9),
	mgr			SMALLINT,
	hiredate	DATE,
	sal			SMALLINT,
	comm		SMALLINT,
	deptno		SMALLINT  REFERENCES DEPT );
CREATE TABLE IF NOT EXISTS bonus (
	enamE		VARCHAR(10),
	job			VARCHAR(9)  ,
	sal			MEDIUMINT,
	comm		SMALLINT ) ;
CREATE TABLE IF NOT EXISTS salgrade ( 
	grade		INT,
	losal		INT,
	hisal		INT );

-- 插入测试数据 —— dept
INSERT INTO dept VALUES	(10,'ACCOUNTING','NEW YORK');
INSERT INTO dept VALUES (20,'RESEARCH','DALLAS');
INSERT INTO dept VALUES	(30,'SALES','CHICAGO');
INSERT INTO dept VALUES	(40,'OPERATIONS','BOSTON');
-- 插入测试数据 —— emp
INSERT INTO emp VALUES (7369,'SMITH','CLERK',7902,'1980-12-17',800,NULL,20);
INSERT INTO emp VALUES (7499,'ALLEN','SALESMAN',7698,'1981-2-20',1600,300,30);
INSERT INTO emp VALUES (7521,'WARD','SALESMAN',7698,'1981-2-22',1250,500,30);
INSERT INTO emp VALUES (7566,'JONES','MANAGER',7839,'1981-4-2',2975,NULL,20);
INSERT INTO emp VALUES (7654,'MARTIN','SALESMAN',7698,'1981-9-28',1250,1400,30);
INSERT INTO emp VALUES (7698,'BLAKE','MANAGER',7839,'1981-5-1',2850,NULL,30);
INSERT INTO emp VALUES (7782,'CLARK','MANAGER',7839,'1981-6-9',2450,NULL,10);
INSERT INTO emp VALUES (7788,'SCOTT','ANALYST',7566,'1987-04-19',3000,NULL,20);
INSERT INTO emp VALUES (7839,'KING','PRESIDENT',NULL,'1981-11-17',5000,NULL,10);
INSERT INTO emp VALUES (7844,'TURNER','SALESMAN',7698,'1981-9-8',1500,0,30);
INSERT INTO emp VALUES (7876,'ADAMS','CLERK',7788,'1987-05-23',1100,NULL,20);
INSERT INTO emp VALUES (7900,'JAMES','CLERK',7698,'1981-12-3',950,NULL,30);
INSERT INTO emp VALUES (7902,'FORD','ANALYST',7566,'1981-12-3',3000,NULL,20);
INSERT INTO emp VALUES (7934,'MILLER','CLERK',7782,'1982-1-23',1300,NULL,10);
-- 插入测试数据 —— salgrade
INSERT INTO salgrade VALUES (1,700,1200);
INSERT INTO salgrade VALUES (2,1201,1400);
INSERT INTO salgrade VALUES (3,1401,2000);
INSERT INTO salgrade VALUES (4,2001,3000);
INSERT INTO salgrade VALUES (5,3001,9999);
