-- 删除hdy数据库
DROP DATABASE IF EXISTS hdy;

-- 创建hdy数据库
CREATE DATABASE IF NOT EXISTS hdy;

-- 选择hdy数据库
USE hdy;

-- 删除数据表
DROP TABLE IF EXISTS emp;
DROP TABLE IF EXISTS dept;
DROP TABLE IF EXISTS bonus;
DROP TABLE IF EXISTS salgrade;

-- 创建数据表
CREATE TABLE IF NOT EXISTS dept (
	deptno		SMALLINT  PRIMARY KEY,
	dname		VARCHAR(14) ,
	loc			VARCHAR(13) ) ;
CREATE TABLE IF NOT EXISTS emp (
	empno		SMALLINT  PRIMARY KEY,
	ename		VARCHAR(10),
	job			VARCHAR(9),
	mgr			SMALLINT,
	hiredate	DATE,
	sal			DECIMAL(7,2),
	comm		SMALLINT,
	deptno		SMALLINT  REFERENCES DEPT );
CREATE TABLE IF NOT EXISTS bonus (
	enamE		VARCHAR(10),
	job			VARCHAR(9) ,
	sal			DECIMAL(7,2),
	comm		SMALLINT ) ;
CREATE TABLE IF NOT EXISTS salgrade ( 
	grade		SMALLINT,
	losal		SMALLINT,
	hisal		SMALLINT );

-- 插入测试数据 —— dept
INSERT INTO dept VALUES	(10,'ACCOUNTING','Beijing');
INSERT INTO dept VALUES (20,'RESEARCH','GuangZhou');
INSERT INTO dept VALUES	(30,'SALES','ChangSha');
INSERT INTO dept VALUES	(40,'OPERATIONS','ShangHai');
-- 插入测试数据 —— emp
INSERT INTO emp VALUES (7369,'SMITH','CLERK',7902,'2010-12-17',3800,NULL,20);
INSERT INTO emp VALUES (7499,'ALLEN','SALESMAN',7698,'2011-2-20',4600,300,30);
INSERT INTO emp VALUES (7521,'WARD','SALESMAN',7698,'2011-2-22',4250,500,30);
INSERT INTO emp VALUES (7566,'JONES','MANAGER',7839,'2011-4-2',6975,NULL,20);
INSERT INTO emp VALUES (7654,'MARTIN','SALESMAN',7698,'2011-9-28',4250,1400,30);
INSERT INTO emp VALUES (7698,'BLAKE','MANAGER',7839,'2011-5-1',5850,NULL,30);
INSERT INTO emp VALUES (7782,'CLARK','MANAGER',7839,'2011-6-9',5450,NULL,10);
INSERT INTO emp VALUES (7788,'SCOTT','ANALYST',7566,'2017-04-19',6000,NULL,20);
INSERT INTO emp VALUES (7839,'KING','PRESIDENT',NULL,'2011-11-17',8000,NULL,10);
INSERT INTO emp VALUES (7844,'TURNER','SALESMAN',7698,'2011-9-8',4500,0,30);
INSERT INTO emp VALUES (7876,'ADAMS','CLERK',7788,'2017-05-23',4100,NULL,20);
INSERT INTO emp VALUES (7900,'JAMES','CLERK',7698,'2011-12-3',3950,NULL,30);
INSERT INTO emp VALUES (7902,'FORD','ANALYST',7566,'2011-12-3',6000,NULL,20);
INSERT INTO emp VALUES (7934,'MILLER','CLERK',7782,'2012-1-23',4300,NULL,10);
-- 插入测试数据 —— salgrade
INSERT INTO salgrade VALUES (1,3700,4200);
INSERT INTO salgrade VALUES (2,4201,4400);
INSERT INTO salgrade VALUES (3,4401,5000);
INSERT INTO salgrade VALUES (4,5001,6000);
INSERT INTO salgrade VALUES (5,6001,19999);
